iter	Logloss
0	0.6808575093
1	0.6702981038
2	0.6594572734
3	0.6504616482
4	0.6402888105
5	0.6322656417
6	0.6219525471
7	0.6154515054
8	0.6055182715
9	0.5977825334
10	0.5908138549
11	0.5843541704
12	0.5787937053
13	0.5727056889
14	0.5652698336
15	0.5584106847
16	0.5515714977
17	0.5461636717
18	0.5394031378
19	0.5330539436
